Container No,Event Date,Depot,Port,Event Description,Voyage,Vessel Name,Vessel Code
IAAU2705118,2025/09/20 02:20:00,PKG01 KLANG PORT(NORTH PORT),MYPKG PORT KLANG NORTH PORT,TZ:待轉運 LADEN OR EMPTY TRANSIT CTNR DISCHARGED FM OWN OR FEEDER VSL AT PIER/TML AWAITING FOR TRANSHIPMENT,W509,KMTC YOKOHAMA,JKYK
IAAU2705118,2025/09/13 10:15:00,"JKT05 TANJUNG PRIOK PORT, JAKARTA",IDJKT JAKARTA,"FB:重櫃裝船 LADEN CONTAINER LOADED ON BOARD VESSEL(MOTHER VESSEL,FIXED SLOT CHARTER/JOING VENTURE VESSEL)",W509,KMTC YOKOHAMA,JKYK
IAAU2705118,2025/09/10 19:14:00,"JKT05 TANJUNG PRIOK PORT, JAKARTA",IDJKT JAKARTA,FL:出口重櫃進場 OUTBOUND FULL CONTAINER GATE INTO PIER/TERMINAL(FCL),,,
IAAU2705118,2025/09/09 21:24:00,JKT10 DEPOT QUAD KONTENA,IDJKT JAKARTA,MS:空櫃領出 EMPTY CONTAINER RELEASED TO SHIPPER FROM PIER/TERMINAL/OFF-DOCK DEPOT,,,
